proper,ra_h,dec_deg,mag,dist_pc,spect,ci,con
Sirius,6.752481,-16.716116,-1.44,2.6371,A0m...,0.009,CMa
Canopus,6.399195,-52.69566,-0.62,94.7867,F0Ib,0.164,Car
Arcturus,14.26103,19.18241,-0.05,11.2575,K2IIIp,1.239,Boo
Rigil Kentaurus,14.660765,-60.833976,-0.01,1.3248,G2V,0.71,Cen
Vega,18.61564,38.783692,0.03,7.6787,A0Vvar,-0.001,Lyr
Capella,5.27815,45.997991,0.08,13.1234,M1: comp,0.795,Aur
Rigel,5.242298,-8.20164,0.18,264.5503,B8Ia,-0.03,Ori
Procyon,7.655033,5.224993,0.4,3.5142,F5IV-V,0.432,CMi
Achernar,1.628556,-57.236757,0.45,42.7533,B3Vp,-0.158,Eri
Betelgeuse,5.919529,7.407063,0.45,152.6718,M2Ib,1.5,Ori
Hadar,14.063729,-60.373039,0.61,120.1923,B1III,-0.231,Cen
Altair,19.846388,8.868322,0.76,5.1295,A7IV-V,0.221,Aql
Acrux,12.443311,-63.099092,0.77,98.7167,B0.5IV,-0.243,Cru
Aldebaran,4.598677,16.509301,0.87,20.4332,K5III,1.538,Tau
Spica,13.419883,-11.161322,0.98,76.5697,B1V,-0.235,Vir
Antares,16.490128,-26.432002,1.06,169.7793,M1Ib + B2.5V,1.865,Sco
Pollux,7.755277,28.026199,1.16,10.3584,K0IIIvar,0.991,Gem
Fomalhaut,22.960838,-29.622236,1.17,7.7036,A3V,0.145,PsA
Mimosa,12.795359,-59.688764,1.25,85.3971,B0.5III,-0.238,Cru
Deneb,20.690532,45.280338,1.25,432.9004,A2Ia,0.092,Cyg
Toliman,14.660346,-60.8383,1.35,1.3248,K1V,0.9,Cen
Regulus,10.139532,11.967207,1.36,24.3132,B7V,-0.087,Leo
Adhara,6.977097,-28.972084,1.5,124.2236,B2II,-0.211,CMa
Castor,7.576634,31.888276,1.58,15.5958,A2Vm,0.034,Gem
Gacrux,12.519429,-57.113212,1.59,27.1518,M4III,1.6,Cru
Shaula,17.560145,-37.103821,1.62,175.1313,B1.5IV+...,-0.231,Sco
Bellatrix,5.418851,6.349702,1.64,77.3994,B2III,-0.224,Ori
Elnath,5.438198,28.60745,1.65,41.0509,B7III,-0.13,Tau
Miaplacidus,9.220041,-69.717208,1.67,34.6981,A2IV,0.07,Car
Alnilam,5.603559,-1.20192,1.69,606.0606,B0Ia,-0.184,Ori
Alnair,22.137209,-46.960975,1.73,30.9693,B7IV,-0.07,Gru
Alnitak,5.679313,-1.942572,1.74,225.7336,O9.5Ib SB,-0.199,Ori
Alioth,12.900472,55.959821,1.76,25.31,A0p,-0.022,UMa
Mirfak,3.405378,49.86118,1.79,155.2795,F5Ib,0.481,Per
Kaus Australis,18.402868,-34.384616,1.79,43.9367,B9.5III,-0.031,Sgr
Dubhe,11.062155,61.751033,1.81,37.679,F7V comp,1.061,UMa
Wezen,7.139857,-26.3932,1.83,492.6108,F8Ia,0.671,CMa
Alkaid,13.792354,49.313265,1.85,31.8674,B3V SB,-0.099,UMa
Avior,8.375236,-59.509483,1.86,185.5288,K3III+B2V,1.196,Car
Sargas,17.62198,-42.997824,1.86,92.081,F1II,0.406,Sco
Menkalinan,5.992149,44.947433,1.9,24.8694,A2V,0.077,Aur
Atria,16.811077,-69.027715,1.91,119.7605,K2IIb-IIIa,1.447,TrA
Alhena,6.628528,16.399252,1.93,33.5121,A0IV,0.001,Gem
Alsephina,8.745059,-54.708821,1.93,24.6975,A1V,0.043,Vel
Peacock,20.427459,-56.73509,1.94,54.8246,B2IV,-0.118,Pav
Polaris,2.52975,89.264109,1.97,132.626,F7:Ib-IIv SB,0.636,UMi
Mirzam,6.378329,-17.955918,1.98,151.0574,B1II/III,-0.24,CMa
Alphard,9.45979,-8.658603,1.99,55.2792,K3III,1.44,Hya
